시설,lat,lon
화성-남양-4호,37.1767766,126.7870475
화성-남양-10호,37.19786338,126.7409474
화성-남양-6호,37.21319938,126.7360338
화성-장안-7호,37.08282932,126.8176892
화성-장안-장안 8호,37.03765544,126.846565
화성-장안-11호,37.10551352,126.7769231
화성-향남-향남 8호,37.07752789,126.9868032
화성-정남-3호,37.13672431,127.0258554
화성-반송-반송 225호,37.20869923,127.0718816
화성-반송-반송 260호,37.21084061,127.0625184
화성-남양-남양 49호,37.18008392,126.7914212
화성-남양-남양 50호,37.17743294,126.7852727
화성-남양-남양 51호,37.1741958,126.7883767
화성-목동-목동 185호,37.17346584,127.0772908
화성-목동-목동 196호,37.15601379,127.1151998
화성-목동-목동 643호,37.18410061,127.0778003
화성-반송-반송 147호,37.1995855,127.0578981
화성-반송-반송 148호,37.19851044,127.0546427
화성-반송-반송 150호,37.20238902,127.0553186
화성-반송-반송 152호,37.2029311,127.0532532
화성-반송-반송 154호,37.20426026,127.0543385
화성-반송-반송 155호,37.20563777,127.0635825
화성-반송-반송 156호,37.2042857,127.0575602
화성-반송-반송 158호,37.19815177,127.0527517
화성-반송-반송 159호,37.20642943,127.0522021
화성-반송-반송 160호,37.20862578,127.0502895
화성-정남-정남 421호,37.17018977,126.9833748
화성-정남-정남 424호,37.14672336,127.0111015
화성-봉담-봉담 655호,37.24310555,126.9543746
화성-봉담-봉담 658호,37.21381776,126.9796975
화성-봉담-봉담 661호,37.25069918,126.9225984
화성-봉담-봉담 30호,37.21602032,126.9764329
화성-봉담-봉담 32호,37.25029974,126.9110437
화성-장안-장안 426호,37.03778774,126.8463811
화성-장안-장안 427호,37.07358846,126.8343856
화성-장안-장안 429호,37.06281721,126.7922558
화성-향남-화성소방서 523호,37.13094989,126.9248687
화성-향남-향남 67호,37.10689841,126.9726059
화성-향남-향남 68호,37.09662223,126.9717493
화성-정남-정남 54호,37.16431578,126.9832146
화성-정남-정남 416호,37.16627471,126.9770804
화성-정남-정남 420호,37.15882374,126.9822215
화성-정남-정남 415호,37.16788465,126.984492
화성-태안-태안 13호,37.21599094,127.0410713
화성-태안-태안 14호,37.21070613,127.0474258
화성-태안-태안 78호,37.20107853,127.0483171
화성-태안-태안 79호,37.20526732,127.0349269
화성-태안-태안 81호,37.20896957,127.0388937
화성-태안-태안 82호,37.19984508,127.0383069
화성-태안-태안 84호,37.20183485,127.0423515
화성-태안-태안 85호,37.21042942,127.016187
화성-태안-태안 86호,37.21844737,127.0195059
화성-태안-태안 89호,37.22784973,127.0355097
화성-태안-태안 90호,37.21563024,127.0341081
화성-태안-태안 91호,37.19369768,127.0048685
화성-태안-태안 93호,37.22612173,127.0478522
화성-남양-남양 345호,37.21137818,126.8218507
화성-남양-남양 347호,37.20707529,126.8103606
화성-남양-남양 350호,37.18107059,126.8520175
화성-남양-남양 583호,37.20907792,126.8184115
화성-남양-남양 589호,37.20241036,126.8267765
화성-반송-반송 300호,37.18849601,127.0768294
화성-반송-반송 301호,37.19108491,127.0696523
화성-반송-반송 302호,37.1931838,127.0715599
화성-반송-반송 303호,37.19690386,127.0687759
화성-반송-반송 304호,37.19476717,127.0699577
화성-반송-반송 305호,37.1940775,127.0711211
화성-반송-반송 306호,37.19207343,127.0732201
화성-반송-반송 307호,37.19116275,127.0747307
화성-반송-반송 308호,37.19045746,127.0764692
화성-반송-반송 309호,37.19015347,127.0776453
화성-반송-반송 310호,37.19876833,127.0694986
화성-반송-반송 312호,37.19795173,127.0720186
화성-반송-반송 313호,37.19581132,127.0737158
화성-반송-반송 315호,37.1938044,127.0740618
화성-반송-반송 316호,37.19405654,127.0760391
화성-반송-반송 317호,37.19288209,127.0787224
화성-반송-반송 319호,37.19704564,127.0757495
화성-반송-반송 320호,37.19467317,127.0746927
화성-반송-반송 321호,37.1934247,127.0804479
화성-반송-반송 322호,37.19855467,127.0774387
화성-남양-남양 383호,37.18217349,126.7941617
화성-남양-남양 384호,37.18293245,126.7875646
화성-남양-남양 386호,37.18190468,126.7899058
화성-남양-남양 389호,37.18060536,126.7927006
화성-남양-남양 390호,37.18030913,126.7929061
화성-남양-남양 391호,37.18126149,126.7862775
화성-반송-반송 324호,37.20070358,127.0750147
화성-향남-향남 64호,37.09655082,126.8864119
화성-향남-향남 65호,37.09544049,126.8847874
화성-향남-향남 62호,37.12694736,126.9712495
화성-향남-향남 63호,37.13903505,126.9064578
화성-향남-향남 66호,37.13138888,126.9114374
화성-향남-향남 69호,37.07650849,126.969016
화성-향남-향남 70호,37.08119398,126.9455456
화성-향남-급수탑 3호,37.09024622,126.9164703
화성-향남-급수탑 5호,37.08213508,126.9095119
화성-향남-급수탑 6호,37.0835426,126.8990037
화성-향남-급수탑 7호,37.08690556,126.9075121
화성-향남-급수탑 8호,37.11885494,126.9905487
화성-향남-향남 45호,37.08127195,126.900968
화성-향남-향남 49호,37.08325096,126.8948318
화성-향남-화성소방서 483호,37.14051039,126.9565852
화성-향남-화성소방서 516호,37.1341676,126.9229355
화성-남양-남양 393호,37.17986197,126.7889787
화성-남양-남양 394호,37.18031703,126.7897067
화성-남양-남양 395호,37.1792049,126.790653
화성-남양-남양 396호,37.17950975,126.7918771
화성-남양-남양 397호,37.17915135,126.7925176
화성-남양-남양 398호,37.17954937,126.7849719
화성-남양-남양 399호,37.17872152,126.7852043
화성-남양-남양 401호,37.17890059,126.7879963
화성-남양-남양 402호,37.17718564,126.7891164
화성-남양-남양 404호,37.17676816,126.7901454
화성-장안-장안 431호,37.08500198,126.8172288
화성-장안-장안 433호,37.08399692,126.8148864
화성-장안-장안 434호,37.08258911,126.8177343
화성-장안-장안 436호,37.08656359,126.8191726
화성-장안-장안 437호,37.08103218,126.8134842
화성-장안-장안 438호,37.08345723,126.8202207
화성-장안-장안 482호,37.04164754,126.8532749
화성-반송-반송 203호,37.22199764,127.0761708
화성-태안-태안 94호,37.21305879,127.0380435
화성-태안-태안 95호,37.21410916,127.0369915
화성-태안-태안 96호,37.20331089,127.0124123
화성-태안-태안 97호,37.21018483,127.0049862
화성-태안-태안 98호,37.2098074,127.0095981
화성-태안-태안 99호,37.19851559,127.0005993
화성-태안-태안 100호,37.22529897,126.9813801
화성-태안-태안 101호,37.23417439,127.0393152
화성-태안-태안 103호,37.22487683,127.0452445
화성-태안-태안 104호,37.21761421,127.0366319
화성-태안-태안 106호,37.22121028,126.9786657
화성-태안-태안 108호,37.21142807,127.0135209
화성-태안-태안 109호,37.20952501,126.9813915
화성-태안-태안 111호,37.20727484,127.0365599
화성-태안-태안 112호,37.21717303,127.0393793
화성-태안-태안 113호,37.21594874,127.0441485
화성-태안-태안 115호,37.21524375,127.0436568
화성-태안-태안 116호,37.21486115,127.0441436
화성-향남-화성소방서 532호,37.12730275,126.9274436
화성-향남-화성소방서 533호,37.12578708,126.9271735
화성-장안-장안 488호,37.03644831,126.8372961
화성-장안-장안 489호,37.10554023,126.8451241
화성-장안-장안 490호,37.10440613,126.8454265
화성-장안-장안 492호,37.10687456,126.843537
화성-장안-장안 494호,37.1055545,126.8477125
화성-장안-장안 495호,37.10691989,126.8424499
화성-장안-장안 496호,37.10702282,126.8450836
화성-장안-장안 497호,37.10762938,126.8470288
화성-장안-장안 499호,37.10634783,126.8467537
화성-반송-반송 162호,37.20801154,127.0547221
화성-반송-반송 163호,37.20714707,127.0581466
화성-반송-반송 164호,37.20640626,127.0569178
화성-반송-반송 165호,37.21269511,127.0635315
화성-반송-반송 166호,37.20914229,127.0557113
화성-반송-반송 167호,37.20925164,127.056101
화성-반송-반송 168호,37.20781234,127.056887
화성-반송-반송 169호,37.21049773,127.0590915
화성-반송-반송 170호,37.21213839,127.0596442
화성-반송-반송 171호,37.21258508,127.0580425
화성-반송-반송 173호,37.21552746,127.0566503
화성-반송-반송 174호,37.21302914,127.0611055
화성-반송-반송 176호,37.21664259,127.0581551
화성-반송-반송 177호,37.21510846,127.0607595
화성-반송-반송 178호,37.21557301,127.0616205
화성-반송-반송 180호,37.21886624,127.0592271
화성-반송-반송 181호,37.22100903,127.0597813
화성-반송-반송 182호,37.22019597,127.0612894
화성-반송-반송 202호,37.22502878,127.0743202
화성-남양-남양 590호,37.20287632,126.8278767
화성-남양-남양 591호,37.20308498,126.829021
화성-남양-남양 592호,37.20446673,126.8306077
화성-남양-남양 594호,37.20641317,126.8301661
화성-남양-남양 596호,37.20649112,126.8279123
화성-남양-남양 597호,37.20563771,126.826838
화성-남양-남양 598호,37.20441814,126.8283854
화성-남양-남양 600호,37.20359412,126.8257067
화성-남양-남양 601호,37.20443638,126.8248202
화성-남양-남양 602호,37.20277863,126.8239198
화성-남양-남양 605호,37.2043966,126.8235732
화성-남양-남양 606호,37.20612154,126.8262121
화성-향남-향남 41호,37.08440831,126.9026423
화성-향남-향남 42호,37.08162775,126.901809
화성-향남-향남 44호,37.0835393,126.9019178
화성-향남-향남 48호,37.08178727,126.8941684
화성-향남-향남 50호,37.08370996,126.8966437
화성-향남-화성소방서 518호,37.13326839,126.9244269
화성-남양-남양 610호,37.20819024,126.8294347
화성-반송-반송 656호,37.20050018,127.0531927
화성-반송-반송 657호,37.2054796,127.0721142
화성-반송-반송 663호,37.21190235,127.0729574
화성-반송-반송 급수탑 27호,37.19558974,127.0760017
화성-반송-반송 664호,37.21652651,127.0777685
화성-반송-반송 급수탑 16호,37.21360228,127.0625366
화성-반송-반송 급수탑 22호,37.22378054,127.0743729
화성-반송-반송 급수탑 26호,37.20661716,127.0602974
화성-반송-반송 급수탑 29호,37.19745387,127.0681127
화성-봉담-봉담 105호,37.20360533,126.9826854
화성-봉담-봉담 325호,37.22154447,126.9502558
화성-봉담-봉담 327호,37.24980715,126.9282431
화성-봉담-봉담 328호,37.24469526,126.9426135
화성-봉담-봉담 329호,37.221507,126.948013
화성-봉담-봉담 331호,37.2363093,126.9573903
화성-봉담-봉담 332호,37.23713506,126.9550098
화성-남양-남양 405호,37.17634242,126.7838073
화성-남양-남양 408호,37.17643353,126.7854624
화성-남양-남양 411호,37.175427,126.7881526
화성-남양-남양 413호,37.1756338,126.788997
화성-향남-화성소방서 519호,37.13229427,126.9269669
화성-향남-향남 51호,37.0835738,126.8980471
화성-향남-화성소방서 522호,37.13112867,126.923561
화성-향남-향남 52호,37.08518196,126.896988
화성-향남-향남 53호,37.08579741,126.8974782
화성-향남-화성소방서 524호,37.13099759,126.9254651
화성-향남-화성소방서 529호,37.13045598,126.9223122
화성-향남-향남 57호,37.08751087,126.9011889
화성-향남-향남 58호,37.08662343,126.9039638
화성-향남-향남 60호,37.08833753,126.9078435
화성-향남-향남 61호,37.0893496,126.908342
화성-봉담-봉담 333호,37.26507154,126.8806244
화성-봉담-봉담 334호,37.19467203,126.9378888
화성-봉담-봉담 335호,37.23741968,126.954194
화성-봉담-봉담 336호,37.2526675,126.9104614
화성-봉담-봉담 337호,37.18310024,126.9426484
화성-향남-화성소방서 534호,37.12655458,126.923723
화성-향남-화성소방서 535호,37.12546059,126.9211983
화성-향남-화성소방서 536호,37.12409528,126.9203419
화성-향남-화성소방서 538호,37.12571499,126.9253166
화성-향남-화성소방서 539호,37.1241539,126.9268369
화성-향남-화성소방서 541호,37.12377105,126.9222469
화성-향남-화성소방서 542호,37.12349212,126.9205041
화성-향남-화성소방서 543호,37.12239523,126.9182551
화성-향남-화성소방서 545호,37.12323747,126.9152116
화성-향남-화성소방서 546호,37.12507533,126.9143343
화성-향남-화성소방서 548호,37.12596246,126.915093
화성-남양-남양 415호,37.17816025,126.7744477
화성-남양-남양 416호,37.19552441,126.7898459
화성-남양-남양 440호,37.20660793,126.7729057
화성-남양-남양 487호,37.22035942,126.7901203
화성-남양-남양 564호,37.18823816,126.7608606
화성-남양-남양 366호,37.16939068,126.7022155
화성-남양-남양 368호,37.1746839,126.6892475
화성-남양-남양 370호,37.11874362,126.6886753
화성-남양-남양 371호,37.16246029,126.6947718
화성-남양-남양 372호,37.14028285,126.7024672
화성-남양-남양 442호,37.1603215,126.6734353
화성-장안-장안 501호,37.10925815,126.8442367
화성-장안-장안 503호,37.1102944,126.8450214
화성-장안-장안 504호,37.11153001,126.8435812
화성-장안-장안 505호,37.1115312,126.8470171
화성-장안-장안 506호,37.11241028,126.8432021
화성-장안-장안 507호,37.11346916,126.8451982
화성-향남-화성소방서 549호,37.12631705,126.9193794
화성-향남-화성소방서 550호,37.12697645,126.9178208
화성-향남-화성소방서 551호,37.12615693,126.9143147
화성-향남-화성소방서 552호,37.12768342,126.9131209
화성-향남-화성소방서 553호,37.12813585,126.9145121
화성-장안-장안 510호,37.10778842,126.8406921
화성-장안-장안 512호,37.10426517,126.8481789
화성-장안-장안 513호,37.10903353,126.8476376
화성-장안-장안 514호,37.11030009,126.8482705
화성-장안-장안 515호,37.11275968,126.8471934
화성-장안-장안 563호,37.0859133,126.824938
화성-장안-장안 565호,37.05211336,126.8102543
화성-장안-장안 568호,37.08727737,126.8263217
화성-장안-장안 570호,37.08799307,126.8245786
화성-장안-장안 571호,37.09040198,126.8236431
화성-반송-반송 252호,37.20721401,127.0657033
화성-반송-반송 254호,37.20500652,127.0659639
화성-반송-반송 255호,37.21156018,127.0644339
화성-반송-반송 256호,37.21018689,127.0640009
화성-남양-남양 613호,37.20903632,126.8319171
화성-남양-남양 614호,37.20831429,126.8310885
화성-남양-남양 615호,37.20705176,126.8314121
화성-남양-남양 617호,37.20436113,126.8323511
화성-남양-남양 618호,37.20311476,126.8312916
화성-남양-남양 619호,37.20210248,126.8306962
화성-남양-남양 621호,37.20124462,126.8278461
화성-남양-남양 622호,37.19963753,126.8273871
화성-남양-남양 623호,37.20000553,126.8270139
화성-남양-남양 625호,37.20000389,126.8284093
화성-남양-남양 626호,37.20070293,126.8294508
화성-남양-남양 627호,37.20325769,126.8329788
화성-반송-반송 257호,37.20881812,127.0631472
화성-반송-반송 258호,37.20676881,127.0624399
화성-반송-반송 261호,37.20935404,127.0618142
화성-반송-반송 262호,37.20807353,127.0609146
화성-반송-반송 263호,37.202104,127.0594968
화성-반송-반송 264호,37.20328871,127.0596857
화성-반송-반송 265호,37.20175635,127.0596946
화성-반송-반송 268호,37.20281987,127.0620887
화성-반송-반송 269호,37.19666791,127.0657975
화성-반송-반송 270호,37.19542858,127.0663993
화성-반송-반송 272호,37.1919681,127.0678155
화성-반송-반송 273호,37.19424745,127.065729
화성-반송-반송 274호,37.19250395,127.0659453
화성-향남-향남 56호,37.08833229,126.8996297
화성-남양-남양 629호,37.20448788,126.8337589
화성-남양-남양 631호,37.20402146,126.8334653
화성-남양-남양 633호,37.20757312,126.8331895
화성-봉담-봉담 338호,37.22641199,126.9545094
화성-봉담-봉담 339호,37.17366645,126.9339652
화성-봉담-봉담 340호,37.19861157,126.9395016
화성-봉담-봉담 341호,37.25817289,126.8922173
화성-봉담-봉담 343호,37.26901182,126.8655352
화성-봉담-봉담 453호,37.21978593,126.9539769
화성-봉담-봉담 455호,37.22041285,126.9546726
화성-봉담-봉담 456호,37.21969316,126.9553639
화성-봉담-봉담 458호,37.21903558,126.9554588
화성-봉담-봉담 459호,37.21723596,126.9549395
화성-봉담-봉담 460호,37.21779683,126.956305
화성-봉담-봉담 462호,37.21757885,126.9581969
화성-남양-남양 444호,37.15799036,126.6744008
화성-남양-남양 445호,37.15771874,126.6716446
화성-남양-남양 447호,37.16010641,126.6702107
화성-남양-남양 448호,37.16077696,126.6694263
화성-남양-남양 450호,37.1607288,126.6711666
화성-봉담-봉담 463호,37.21759194,126.9590872
화성-봉담-봉담 464호,37.21835856,126.9591832
화성-봉담-봉담 465호,37.21711889,126.9601162
화성-봉담-봉담 466호,37.21706036,126.9611198
화성-봉담-봉담 467호,37.21558094,126.959508
화성-봉담-봉담 468호,37.21508129,126.9599187
화성-봉담-봉담 469호,37.21645439,126.9610946
화성-봉담-봉담 470호,37.21590062,126.9621668
화성-향남-화성소방서 554호,37.12924826,126.9142121
화성-향남-화성소방서 555호,37.13022904,126.9155617
화성-향남-화성소방서 557호,37.12989712,126.9183742
화성-향남-화성소방서 558호,37.13093805,126.9205599
화성-향남-화성소방서 559호,37.13145541,126.9176063
화성-향남-화성소방서 561호,37.13079701,126.9138737
화성-향남-화성소방서 562호,37.1313901,126.9062586
화성-향남-화성소방서 517호,37.13213243,126.9214853
화성-향남-화성소방서 520호,37.13267657,126.9236687
화성-향남-화성소방서 521호,37.13206104,126.9216322
화성-남양-남양 451호,37.16117976,126.6709208
화성-남양-남양 452호,37.15958635,126.6730479
화성-남양-남양 351호,37.21581808,126.7311835
화성-남양-남양 352호,37.21568145,126.7365385
화성-남양-남양 353호,37.21425299,126.7358766
화성-남양-남양 354호,37.21309905,126.7367766
화성-남양-남양 355호,37.22101234,126.7382698
화성-남양-남양 356호,37.21287265,126.7315562
화성-남양-남양 363호,37.21107386,126.7604546
화성-남양-남양 644호,37.21359407,126.739176
화성-남양-남양 651호,37.21693784,126.7384757
화성-남양-남양 480호,37.17286576,126.6181495
화성-남양-남양 저수조 1호,37.21175882,126.8237858
화성-남양-남양 36호,37.20928164,126.8162234
화성-장안-장안 572호,37.08792801,126.822896
화성-장안-장안 573호,37.08734842,126.8261962
화성-장안-장안 574호,37.0908784,126.8243812
화성-장안-장안 576호,37.08662657,126.8222999
화성-향남-화성소방서 525호,37.13067375,126.9289595
화성-향남-화성소방서 652호,37.13295312,126.9087795
화성-향남-화성소방서 526호,37.12873769,126.927793
화성-향남-화성소방서 527호,37.12892439,126.9253937
화성-향남-화성소방서 528호,37.13036558,126.9235382
화성-향남-화성소방서 530호,37.12945523,126.9218684
화성-향남-화성소방서 640호,37.07550479,126.9397312
화성-장안-장안 577호,37.08603716,126.8206522
화성-장안-장안 578호,37.08494508,126.8214486
화성-장안-장안 579호,37.08424381,126.8217699
화성-장안-장안 580호,37.08641459,126.8238673
화성-장안-장안 584호,37.12993832,126.8391255
화성-장안-장안 585호,37.08401896,126.8187115
화성-장안-장안 국화 1호,37.06086648,126.5562301
화성-장안-장안 국화 2호,37.06234024,126.5572214
화성-정남-정남 639호,37.15719474,126.9615077
화성-정남-정남 423호,37.19283245,126.9796578
화성-정남-정남 417호,37.15604462,126.9671615
화성-정남-정남 662호,37.14924274,126.9615358
화성-정남-정남 422호,37.18375612,126.9965668
화성-정남-정남 481호,37.16509424,127.0022844
화성-반송-반송 276호,37.18926961,127.0706059
화성-반송-반송 278호,37.18725983,127.0739634
화성-반송-반송 279호,37.1869952,127.068095
화성-남양-남양 357호,37.2367332,126.8680584
화성-남양-남양 358호,37.22623509,126.8577777
화성-남양-남양 359호,37.2472517,126.8773088
화성-남양-남양 642호,37.19934707,126.8976135
화성-남양-남양 656호,37.25098533,126.8725421
화성-남양-남양 362호,37.21418262,126.7765027
화성-남양-남양 364호,37.2076195,126.7835907
화성-남양-남양 365호,37.2004147,126.7558805
화성-반송-반송 280호,37.18794369,127.0711316
화성-반송-반송 281호,37.18728062,127.0722282
화성-반송-반송 282호,37.18699274,127.0698976
화성-반송-반송 283호,37.18665131,127.0684833
화성-반송-반송 285호,37.18563672,127.0701228
화성-반송-반송 286호,37.18654913,127.0761243
화성-반송-반송 287호,37.18564405,127.0809125
화성-반송-반송 288호,37.1853331,127.0821986
화성-반송-반송 289호,37.18865564,127.0834344
화성-반송-반송 291호,37.18814521,127.0786327
화성-반송-반송 293호,37.19301312,127.0807539
화성-반송-반송 297호,37.18975075,127.0726816
화성-반송-반송 298호,37.19001812,127.0739591
화성-남양-남양 374호,37.18592182,126.7924031
화성-남양-남양 375호,37.18571761,126.7929233
화성-남양-남양 376호,37.18539689,126.7935572
화성-남양-남양 377호,37.18526296,126.7937725
화성-남양-남양 378호,37.18465867,126.7888993
화성-남양-남양 379호,37.18503296,126.7899779
화성-남양-남양 381호,37.18341601,126.7924152
화성-남양-남양 382호,37.18240563,126.7937878
화성-봉담-봉담 471호,37.21473315,126.9627951
화성-봉담-봉담 473호,37.21363956,126.961304
화성-봉담-봉담 474호,37.21353827,126.9569143
화성-봉담-봉담 475호,37.21346577,126.9576064
화성-봉담-봉담 478호,37.16302824,126.9314794
화성-봉담-봉담 566호,37.18779782,126.9381882
화성-봉담-봉담 567호,37.21557897,126.9524148
화성-봉담-봉담 638호,37.15980976,126.9165777
화성-봉담-봉담 647호,37.22527097,126.9719111
화성-봉담-봉담 653호,37.19372383,126.9391966
화성-남양-남양 47호,37.18407473,126.7940427
화성-향남-향남 21호,37.08903765,126.9163333
화성-향남-향남 22호,37.0873081,126.9165716
화성-향남-향남 24호,37.08448409,126.9127002
화성-향남-향남 25호,37.08523468,126.9147085
화성-향남-향남 26호,37.08703243,126.9118593
화성-향남-향남 28호,37.08846401,126.9151675
화성-향남-향남 29호,37.08981214,126.9143583
화성-향남-향남 31호,37.08663892,126.9100133
화성-향남-향남 32호,37.08458668,126.9094591
화성-향남-향남 33호,37.08346756,126.910998
화성-향남-향남 34호,37.08235494,126.9121782
화성-향남-향남 35호,37.08257708,126.9077646
화성-향남-향남 36호,37.0803349,126.9064319
화성-향남-향남 37호,37.08183063,126.9063078
화성-향남-향남 38호,37.08328163,126.9062515
화성-향남-향남 39호,37.0830859,126.9085707
화성-반송-반송 204호,37.22119257,127.0700417
화성-반송-반송 205호,37.22260044,127.0729982
화성-반송-반송 206호,37.22185918,127.0749185
화성-반송-반송 207호,37.22090681,127.0757422
화성-반송-반송 208호,37.21942695,127.0764961
화성-반송-반송 209호,37.21821008,127.0778808
화성-반송-반송 211호,37.2177759,127.0799909
화성-반송-반송 213호,37.21281512,127.0790384
화성-반송-반송 214호,37.21359592,127.0763611
화성-반송-반송 215호,37.21334956,127.0754293
화성-반송-반송 217호,37.21119251,127.0724647
화성-반송-반송 218호,37.21027468,127.0800278
화성-반송-반송 220호,37.21120229,127.0811477
화성-반송-반송 221호,37.20817125,127.081422
화성-반송-반송 223호,37.20752166,127.0766006
화성-반송-반송 224호,37.20801092,127.0792111
화성-반송-반송 226호,37.20736021,127.0736926
화성-반송-반송 227호,37.20653559,127.0749932
화성-태안-태안 118호,37.2153736,127.0449874
화성-태안-태안 119호,37.2136626,127.0426971
화성-태안-태안 120호,37.21402378,127.0475525
화성-태안-태안 121호,37.21190892,127.0484555
화성-태안-태안 122호,37.21265193,127.0518434
화성-태안-태안 124호,37.20671436,127.0465011
화성-태안-태안 125호,37.20467215,127.0440002
화성-태안-태안 126호,37.20619804,127.0447932
화성-태안-태안 128호,37.2073993,127.043073
화성-태안-태안 129호,37.21046927,127.0420852
화성-태안-태안 132호,37.21147341,127.0430146
화성-태안-태안 133호,37.21121353,127.0410777
화성-태안-태안 134호,37.2088598,127.0403856
화성-태안-태안 136호,37.2198024,127.0360663
화성-태안-태안 137호,37.2188624,127.0354183
화성-태안-태안 138호,37.21899319,127.0365897
화성-태안-태안 139호,37.21904416,127.0380997
화성-태안-태안 140호,37.219525,127.0365864
화성-반송-반송 228호,37.20497247,127.0739652
화성-반송-반송 229호,37.20277389,127.074203
화성-반송-반송 231호,37.20171356,127.0725152
화성-반송-반송 232호,37.20105999,127.0713616
화성-반송-반송 233호,37.2028998,127.0716217
화성-반송-반송 235호,37.20943468,127.0699445
화성-반송-반송 236호,37.20678015,127.067134
화성-반송-반송 237호,37.20584905,127.0695564
화성-반송-반송 238호,37.20522365,127.0675803
화성-반송-반송 239호,37.20286434,127.0670486
화성-반송-반송 241호,37.20279929,127.0675789
화성-반송-반송 242호,37.19981223,127.0672687
화성-반송-반송 243호,37.19963996,127.0623204
화성-반송-반송 245호,37.19921201,127.0639237
화성-반송-반송 246호,37.21145401,127.066073
화성-반송-반송 247호,37.2102152,127.0694525
화성-반송-반송 248호,37.20990169,127.0676316
화성-반송-반송 249호,37.20913445,127.067024
화성-반송-반송 250호,37.21075078,127.0665959
화성-반송-반송 251호,37.20810087,127.0641994
화성-태안-태안 141호,37.21937476,127.0373538
화성-태안-태안 142호,37.20880322,127.0355363
화성-태안-태안 143호,37.22231745,127.0136313
화성-태안-태안 145호,37.22921326,127.064619
화성-태안-태안 146호,37.22068117,126.9868719
화성-태안-태안 183호,37.2244631,127.0637295
화성-태안-태안 185호,37.21363954,127.0531901
화성-태안-태안 186호,37.21121426,127.0578589
화성-태안-태안 650호,37.20503502,127.0377569
화성-태안-태안 659호,37.21013861,127.0335784
화성-태안-태안 660호,37.2050571,127.0150527
화성-팔탄-화성소방서 646호,37.13714822,126.8641835
화성-팔탄-팔탄 637호,37.17753353,126.9077016
화성-팔탄-팔탄 77호,37.15553071,126.8991137
화성-팔탄-화성소방서 649호,37.15674504,126.9281322
화성-팔탄-팔탄 72호,37.16218853,126.9039341
화성-팔탄-팔탄 73호,37.16298393,126.9066579
화성-팔탄-팔탄 74호,37.16072922,126.9041258
화성-팔탄-팔탄 76호,37.16112745,126.9079991
화성-팔탄-화성소방서 477호,37.15669359,126.8664074
화성-향남-향남 02호,37.13164362,126.9100956
화성-향남-향남 03호,37.13364476,126.9046873
화성-향남-향남 04호,37.13911364,126.9005798
화성-향남-향남 06호,37.12981729,126.9000227
화성-향남-향남 07호,37.12990092,126.900673
화성-향남-향남 08호,37.1286702,126.9020528
화성-향남-향남 10호,37.12999543,126.9049635
화성-향남-향남 11호,37.13103475,126.9037057
화성-향남-향남 14호,37.13010915,126.9021598
화성-향남-향남 15호,37.13797411,126.9129123
화성-향남-향남 16호,37.09114586,126.9142805
화성-향남-향남 18호,37.09137531,126.9151114
화성-향남-향남 19호,37.09017336,126.9126677
화성-남양-04호,37.19775457,126.7466687
화성-남양-5호,37.20989665,126.8181449
화성-향남-2호,37.13210583,126.9087861
화성-향남-1호,37.13215937,126.9068718
화성-반송-반송 210호,37.2188818,127.0791958
화성-반송-반송 216호,37.21133448,127.0728361
화성-반송-반송 222호,37.2090095,127.0792611
화성-태안-태안 123호,37.21115215,127.0485614
화성-태안-태안 127호,37.20846861,127.0445429
화성-태안-태안 131호,37.20993662,127.0418743
화성-태안-태안 135호,37.21968031,127.0371152
화성-반송-반송 230호,37.20133777,127.0733997
화성-반송-반송 234호,37.20661042,127.0725049
화성-반송-반송 240호,37.20113378,127.0670625
화성-남양-남양 367호,37.16827892,126.7046262
화성-태안-태안 144호,37.23512544,127.0619019
화성-태안-태안 184호,37.20762195,127.0337219
화성-태안-태안 187호,37.21210412,127.0547769
화성-팔탄-화성소방서 484호,37.12703982,126.855712
화성-향남-향남 20호,37.08990187,126.9179357
화성-향남-향남 23호,37.08635772,126.91578
화성-향남-향남 27호,37.0866405,126.9146302
화성-향남-향남 30호,37.08884199,126.913218
화성-팔탄-팔탄 75호,37.16482749,126.9013513
화성-향남-향남 01호,37.13260161,126.9033895
화성-향남-향남 05호,37.14023483,126.9066398
화성-향남-향남 09호,37.12794641,126.9038967
화성-향남-향남 12호,37.13217895,126.9000153
화성-향남-향남 40호,37.0851484,126.9064169
화성-반송-반송 149호,37.20432195,127.0587781
화성-반송-반송 153호,37.20477626,127.0525324
화성-반송-반송 157호,37.19762385,127.0514027
화성-반송-반송 161호,37.20826048,127.0514186
화성-장안-장안 428호,37.07887232,126.8298617
화성-향남-향남 급수탑 9호,37.09199865,126.9730902
화성-태안-태안 80호,37.20820715,127.0352469
화성-태안-태안 83호,37.21195095,127.038312
화성-태안-태안 87호,37.20497159,127.0353682
화성-태안-태안 92호,37.22034345,127.0454183
화성-태안-태안 102호,37.21766513,127.0177751
화성-태안-태안 107호,37.23096135,127.0313633
화성-태안-태안 110호,37.2167379,127.0384406
화성-태안-태안 114호,37.2146333,127.0419699
화성-남양-남양 344호,37.21060377,126.8204151
화성-남양-남양 349호,37.17880356,126.8253301
화성-남양-남양 588호,37.20159113,126.8253752
화성-반송-반송 175호,37.21759935,127.0576145
화성-반송-반송 179호,37.21787285,127.0595333
화성-반송-반송 201호,37.22491805,127.0732782
화성-남양-남양 595호,37.20686463,126.8286077
화성-남양-남양 599호,37.20444626,126.8265556
화성-반송-반송 318호,37.19956237,127.07387
화성-반송-반송 323호,37.19721674,127.0779864
화성-남양-남양 385호,37.18286556,126.7878014
화성-남양-남양 388호,37.18064511,126.7918102
화성-남양-남양 392호,37.18086173,126.7873471
화성-향남-향남 47호,37.08142288,126.8951839
화성-향남-급수탑 4호,37.08729773,126.9126448
화성-향남-향남 71호,37.12187575,126.9939934
화성-향남-향남 46호,37.08284847,126.8972203
화성-향남-화성소방서 531호,37.12767349,126.9207613
화성-남양-남양 400호,37.17834426,126.7869201
화성-남양-남양 403호,37.17768166,126.7891568
화성-장안-장안 432호,37.08324705,126.8161532
화성-장안-장안 435호,37.08433401,126.8202051
화성-장안-장안 439호,37.10989681,126.801357
화성-반송-반송 급수탑 28호,37.18907297,127.0791214
화성-봉담-봉담 326호,37.21442687,126.9748548
화성-봉담-봉담 330호,37.22088731,126.974269
화성-남양-남양 407호,37.17576796,126.7857052
화성-남양-남양 410호,37.17556418,126.7877911
화성-향남-향남 54호,37.08559249,126.8997301
화성-향남-향남 59호,37.08703728,126.9081442
화성-향남-향남 55호,37.08717025,126.8997852
화성-향남-화성소방서 537호,37.12503567,126.9227889
화성-향남-화성소방서 540호,37.12418866,126.924709
화성-향남-화성소방서 547호,37.12536694,126.9131501
화성-남양-남양 369호,37.16885266,126.6992623
화성-남양-남양 443호,37.16158807,126.6728449
화성-장안-장안 502호,37.11016101,126.846131
화성-장안-장안 569호,37.08867314,126.8255543
화성-반송-반송 253호,37.20375418,127.0612381
화성-남양-남양 616호,37.20564014,126.8320443
화성-남양-남양 620호,37.20186635,126.8293957
화성-남양-남양 624호,37.20070386,126.8262733
화성-반송-반송 267호,37.20179104,127.0617565
화성-반송-반송 271호,37.1932922,127.067045
화성-반송-반송 275호,37.19170428,127.0666485
화성-봉담-봉담 342호,37.26810082,126.8773063
화성-봉담-봉담 454호,37.2204332,126.9536002
화성-봉담-봉담 457호,37.22120518,126.9548571
화성-봉담-봉담 461호,37.21694872,126.9583817
화성-남양-남양 446호,37.15936843,126.6703765
화성-남양-남양 449호,37.16127663,126.6699839
화성-향남-화성소방서 556호,37.13014482,126.9168846
화성-향남-화성소방서 560호,37.13127462,126.9156713
화성-향남-화성소방서 582호,37.13070137,126.9080332
화성-남양-남양 441호,37.22700082,126.7011649
화성-남양-남양 479호,37.16345967,126.6214512
화성-남양-남양 46호,37.18418258,126.7922287
화성-장안-장안 575호,37.08512669,126.8232584
화성-정남-정남 641호,37.16567275,126.9686141
화성-정남-정남 419호,37.1768889,126.9756054
화성-정남-정남 418호,37.17326216,126.9840749
화성-반송-반송 277호,37.18790432,127.0729132
화성-남양-남양 645호,37.20897297,126.815843
화성-남양-남양 360호,37.22423374,126.8590739
화성-남양-남양 361호,37.20503808,126.7770903
화성-남양-남양 373호,37.1863737,126.791092
화성-반송-반송 290호,37.18673603,127.0789059
화성-반송-반송 296호,37.19597595,127.0805963
화성-반송-반송 299호,37.18948424,127.0759
화성-남양-남양 380호,37.18299561,126.7914503
화성-봉담-봉담 472호,37.21420279,126.9648847
화성-봉담-봉담 476호,37.2088164,126.9595088
화성-봉담-봉담 581호,37.21921672,126.973593
